POWER_DEMAND,datetime,tempmax,tempmin,temp,humidity,windspeed,solarradiation
5993,2022-05-01,40,28.2,33.9,32.4,22.3,307.4
6123,2022-05-02,40,28.4,34.1,41.7,22.3,306.3
6127,2022-05-03,37.7,29,33.2,49.2,20.5,304.1
6121,2022-05-04,37.2,24,31.1,54.8,27.7,288.3
5371,2022-05-05,37,23.5,30,53.2,9.8,306
5463,2022-05-06,38,25.7,32.3,44.5,17.9,281
5426,2022-05-07,39.3,27.3,33.4,36.2,11.2,312.4
5762,2022-05-08,40,27.5,33.6,39.6,18.4,315.1
6057,2022-05-09,39.3,28.5,33.8,45.3,20.5,312.8
6189,2022-05-10,38.9,29.8,33.8,45.9,22.3,307.5
6520,2022-05-11,40.4,29,34.6,44.4,14.8,307.9
6752,2022-05-12,43,30,35.9,41.8,16.6,310.4
6781,2022-05-13,44,28.8,35,45.9,18.4,317.4
6714,2022-05-14,44,29,37.2,28.4,18.3,324.8
6631,2022-05-15,45.3,27.6,37,21.3,20,321.6
6686,2022-05-16,41.6,31.3,37.4,18.1,20.6,256.8
6679,2022-05-17,42,28.4,34.6,31.2,13,319.6
6657,2022-05-18,41,31.6,35.8,31,27.7,318.8
7008,2022-05-19,43,28.8,36.2,32.6,14.8,320.5
6815,2022-05-20,44.1,29.6,37,30.6,27.7,319.7
6412,2022-05-21,42.2,26.7,34.8,30.8,26.9,275.7
5935,2022-05-22,39.2,24.6,32.2,44.9,20.5,316.6
6052,2022-05-23,31,18,25.7,71.2,40.7,286.7
4462,2022-05-24,32,20,26.3,75.1,63,315.8
4771,2022-05-25,33.8,24.6,29.1,66.6,13,316
5115,2022-05-26,36,25,30.6,59.1,11.2,317.1
5680,2022-05-27,38.8,27,32.4,50.5,28.2,311.7
6133,2022-05-28,40,28.2,34.4,46.6,13,308.4
5967,2022-05-29,41,29,34,50.4,14.8,324.7
6357,2022-05-30,39.8,25.1,31.4,59.4,16.6,324
6115,2022-05-31,39.2,24.5,32.9,49.2,9.4,332.5
6091,2022-06-01,41.8,26.8,35,38.7,11.2,328.4
6442,2022-06-02,41.5,28.7,35.4,32.8,10.8,330.8
6518,2022-06-03,43.2,27.2,35.6,28.5,15.4,333.7
6543,2022-06-04,45,29.3,36.5,27,16.6,333.5
6576,2022-06-05,44,30.5,37.3,20.8,17.4,326.1
6692,2022-06-06,44,29,36.8,23.8,18,328.3
6797,2022-06-07,43.2,30.8,37.3,22.2,23.2,325.5
6824,2022-06-08,44,31.9,37.3,21.5,29.6,325.3
7048,2022-06-09,44,30.2,37.5,24.6,16.3,319.6
7089,2022-06-10,43.2,32,37.8,26.1,30.4,321.3
0,2022-06-11,44,32.1,37.7,22.1,27.4,322.1
6935,2022-06-12,43,32,37.7,24.7,21.1,323.7
7202,2022-06-13,43,33.2,37.6,29.2,16.6,315.5
7139,2022-06-14,39.2,32,35.3,38,21.4,311.5
7227,2022-06-15,42,30,36.1,39.3,23,314.6
7187,2022-06-16,39.6,28.2,34.1,46.1,23.2,264.5
6708,2022-06-17,36,25,29.2,70.8,19.3,269.7
5325,2022-06-18,32,26.1,28.9,74.1,18,129.4
0,2022-06-19,31,25.2,28.3,74.4,16.6,279.4
5010,2022-06-20,32.3,25,29,65.6,14.4,318.5
5273,2022-06-21,34,26.3,30.2,61.2,18.4,304.5
5536,2022-06-22,38,25,31,59.3,18.4,313
5587,2022-06-23,38,27.2,33.1,48.1,20.5,322.6
5614,2022-06-24,40,27,33.3,38.6,14.8,332.7
5790,2022-06-25,40,26.8,34.3,34.8,14.8,331.1
6700,2022-06-26,39.9,29.9,35,48,24.1,303.8
7168,2022-06-27,39.9,31.2,35.7,51.1,18.4,269
7528,2022-06-28,41,31.5,35.9,53.1,16.6,273.2
7770,2022-06-29,40,30.3,34.9,53.8,18.4,215.3
7130,2022-06-30,32,24.9,27.7,88.2,20.5,102.1
5289,2022-07-01,31,25.6,28.2,88.6,13,212.6
5651,2022-07-02,36.1,27,31,72.9,15.3,205.5
5918,2022-07-03,36.5,27.6,33.1,57.4,15.8,181
6580,2022-07-04,36,28.7,33.5,64.1,11.2,228.5
6983,2022-07-05,37.2,30.4,33.9,64.5,13.7,247.1
7279,2022-07-06,37.8,30.4,34.4,63,18.4,303.6
7284,2022-07-07,38,31.4,34.6,59.3,18.4,299.8
7411,2022-07-08,38.2,31,34.9,54.8,14.8,292.1
7181,2022-07-09,35,28.7,32,66.5,22.3,232.1
6133,2022-07-10,34,28.3,31,73.6,18.4,69.2
6528,2022-07-11,36,28.7,31.8,67.9,16.9,302
6318,2022-07-12,33,28,30.3,80.1,14.7,195.8
6257,2022-07-13,36,28,31.5,73.3,13,239.5
6173,2022-07-14,38.6,29.4,32.3,67.6,16.6,241.5
6773,2022-07-15,37,28.6,32.9,63.7,20.5,226
6681,2022-07-16,35.4,25.8,29.4,80.4,22.3,176.2
6046,2022-07-17,34.1,25.9,29.9,81.9,15.3,255.6
6847,2022-07-18,37.1,28.9,33.2,68.8,13,229.2
6816,2022-07-19,37,29,32.4,73.5,17.1,208.5
6571,2022-07-20,34.8,25.3,29.7,84,22.3,205.7
5821,2022-07-21,32.4,25.9,29,84,11.2,181.9
5691,2022-07-22,32.8,27.8,29.4,86.7,15.4,254.8
5485,2022-07-23,33.1,26.9,29.7,85.6,18.4,177.9
5655,2022-07-24,34.4,27,30,82.5,22.5,221.9
5770,2022-07-25,34,27,30,80.3,21.5,170.9
5876,2022-07-26,32.8,27,29.4,81,20.5,166.5
5897,2022-07-27,33.6,27,30,80,16.6,199.6
5692,2022-07-28,32,26.9,28.6,86.3,11.2,211.8
5479,2022-07-29,32,26,28,89.2,11.2,185.3
4978,2022-07-30,31.6,26.4,28.4,86.9,16.6,120
5070,2022-07-31,32,26,28.7,84.3,11.2,234.2
5468,2022-08-01,34,27.3,29.7,79.6,13,253.6
6089,2022-08-02,35,27,31,75.9,29,224.4
5967,2022-08-03,34,28,30.8,76.1,14.8,191.5
5814,2022-08-04,32.7,27,29.4,84.6,18.4,228.3
5481,2022-08-05,30,26.9,27.9,92.1,13,227.8
5578,2022-08-06,33,27,30.2,84.5,11.2,167.3
5421,2022-08-07,30,26,27.6,93.3,27.7,149.6
5776,2022-08-08,34.3,26,30.1,79.9,9.4,243.5
6233,2022-08-09,35.6,28,32,75.3,16.6,214.4
6388,2022-08-10,35.7,29,32.5,68.9,15.5,285
6328,2022-08-11,32,27,29.6,73.9,18.5,110.5
5873,2022-08-12,36,27.3,31.2,71.1,20.5,282.4
5866,2022-08-13,34.1,28,30.9,73.4,16.6,276.5
5792,2022-08-14,32.5,27,28.9,86.6,11.2,171.5
5148,2022-08-15,34,27,29.3,81.3,18.4,75.9
5096,2022-08-16,32.4,27.7,29.1,78.7,37.1,234.8
5486,2022-08-17,33.3,26,29.2,76.8,22.3,255
5808,2022-08-18,34.5,26.9,30.3,76.1,11.9,226.8
5711,2022-08-19,34.7,28,31.1,71.6,17.4,228.8
5647,2022-08-20,32,27,29.6,80.8,13,160.8
6064,2022-08-21,35,27.9,30.9,76.7,11.2,206.7
6267,2022-08-22,35.2,28.9,31.5,74.3,22.3,263.5
6111,2022-08-23,33.6,28,30.7,71.4,27.7,274.3
5783,2022-08-24,33,27,29.1,80.9,16.6,200.4
5862,2022-08-25,34,26,30.1,72.3,11.2,226.6
6100,2022-08-26,35,27,30.7,73,14.8,196.5
5910,2022-08-27,35,27,30.7,70.2,20.1,167.1
5945,2022-08-28,34.2,27,30.6,65.9,17.9,174.3
0,2022-08-29,34.8,26,30.3,66.9,18.4,182.7
5866,2022-08-30,35,26.7,30.2,77.4,16.6,237
6253,2022-08-31,37,27,31.5,66.9,14.8,177.9
6479,2022-09-01,36.5,28,32.1,66.3,11.2,139.6
6440,2022-09-02,35.3,28,32.1,62.9,13,242.8
6298,2022-09-03,36,28,32.2,58.2,22.3,266.4
6288,2022-09-04,37,28,32.3,56.6,16.2,267.3
6429,2022-09-05,37,27,31.9,58.7,13.2,265.2
6488,2022-09-06,36,28,31.7,59.4,14.8,263.3
6482,2022-09-07,36.5,27.6,32.1,59.3,11.2,261.7
6634,2022-09-08,36.2,28.3,32.2,61.8,9.4,259.3
6614,2022-09-09,37,27.9,32.2,64.8,16.6,250.9
6542,2022-09-10,35.3,29,31.6,71.9,14.8,237
6272,2022-09-11,36,28.2,32.2,61.3,13,254.5
6444,2022-09-12,36.5,28,31.8,62.8,18.4,195.3
6282,2022-09-13,34,25,30,70.4,18.4,215.3
5947,2022-09-14,32,26,28.5,78.6,20.9,137.4
4746,2022-09-17,33.2,24,28.5,82.2,11.2,241.5
5094,2022-09-18,35,25.3,29.5,73.6,9.4,246.8
5318,2022-09-19,33,26.5,29.3,77.3,13,240.7
5332,2022-09-20,33.5,26.1,28.8,77.1,11.2,197
5167,2022-09-21,32.3,25.3,27.1,87.1,16.6,162
4718,2022-09-22,27.7,24.6,25.4,95.9,16.6,41.9
4573,2022-09-23,27,24,25,98.2,13,25.1
4146,2022-09-24,27,24.4,25.3,97.2,20.5,70
3987,2022-09-25,30,24.7,27,84.8,11.2,221.6
4612,2022-09-26,32.3,24.7,28.1,82.4,13,233.1
4771,2022-09-27,33,24.4,28.6,76.5,11.2,233.5
4896,2022-09-28,34,25,29.2,71.1,13,232.2
5018,2022-09-29,33.3,25,28.8,71.6,14.8,232.1
5062,2022-09-30,33.6,25,28.9,73.5,13,231
4722,2022-10-01,33.2,25,29.1,72,13,229.5
4510,2022-10-02,34.8,24.8,29.5,64.1,16.6,223.7
4803,2022-10-03,34.1,24,29,59.4,24.4,226.9
4944,2022-10-04,33.8,24,29.1,63.3,11.2,223.9
4693,2022-10-05,33.5,25.6,28.7,69.7,9.4,178.3
4616,2022-10-06,29.9,24,26,78.3,16.6,191.1
4450,2022-10-07,26.2,22.9,23.9,87.3,16.9,17.8
3795,2022-10-08,24.1,21,22.5,96.9,18.4,9.6
3422,2022-10-09,24,21,22,99,18.4,4.1
3422,2022-10-10,24,20.4,22,97.2,14.8,6.1
3874,2022-10-11,29,21.5,24.8,87.1,9.4,164.3
4013,2022-10-12,30,21,25.3,81.7,9.4,210.5
3995,2022-10-13,31.5,20.4,25.4,72.7,17.6,211.3
4001,2022-10-14,30.8,21,25.5,71.6,13,214.3
3668,2022-10-15,32,21,25.8,69.8,13,213.7
3470,2022-10-16,32,20.9,26.2,61,7.6,210
4003,2022-10-17,31.6,21.7,26.5,56,10.2,210.3
3954,2022-10-18,33,20,26,55.6,7.6,208.8
4015,2022-10-19,33,19.7,26.5,50.8,9.4,205
4047,2022-10-20,33.3,19.4,26.2,54.1,7.6,203.1
4043,2022-10-21,32.4,20,26.2,55.3,7.6,201.8
3765,2022-10-22,31,20,25.2,56.8,13,201.9
3279,2022-10-23,31,17.4,23.9,55,9.4,202.8
2994,2022-10-24,31,17.8,23.6,60.1,11.2,201.7
3108,2022-10-25,30,17.3,23.8,53.7,16.6,202
3047,2022-10-26,31.2,17.5,24.1,60.9,7.6,198
3429,2022-10-27,31,17.8,24.3,59.7,9.4,195
3663,2022-10-28,30,17.7,24,64.5,5.4,192.5
3466,2022-10-29,30.5,18.3,23.8,68.2,9.2,193.7
0,2022-10-30,30,17.8,23.3,62,9.4,190.2
3556,2022-10-31,30,17.7,23.4,66,6.4,187.8
3663,2022-11-01,32,18.1,24.6,62.6,7.6,182.9
3721,2022-11-02,30.1,18.5,24,64.6,18.4,184
3725,2022-11-03,31,17.8,23.9,65.1,9.4,168
3847,2022-11-04,31,19.1,24.4,66.9,7.6,178.2
3646,2022-11-05,29.7,19,24,78.3,13,175
3504,2022-11-06,30.8,19.8,24.8,72.3,13,149.6
3767,2022-11-07,32,19.8,25,64.1,9.4,168.4
3752,2022-11-08,28,19.5,23.7,69.5,13,163
3713,2022-11-09,29.3,19,23.4,60.6,7.6,166.5
3831,2022-11-10,28.6,18.8,23.5,64.6,13,166.5
3756,2022-11-11,27.7,17,21.8,61.9,20.5,171.5
3469,2022-11-12,27.2,15.7,21,53.4,16.6,172
3364,2022-11-13,27.1,14.7,20.5,56.7,16.6,171.5
3539,2022-11-14,29.7,15.9,22.6,55.4,11.2,165.1
3525,2022-11-15,28.5,17.9,22,56.5,9.4,163.7
3576,2022-11-16,26.5,15.7,20.6,52.9,16.6,165
3528,2022-11-17,24.8,14,18.7,57.4,18.4,167.1
3717,2022-11-18,25.2,12.4,18.6,54.3,14.8,167.8
3439,2022-11-19,25.8,12.5,18.7,54.7,9.4,157.7
0,2022-11-20,25.8,12.4,18.7,55.7,11.2,149.3
3529,2022-11-21,26,12.3,18.6,58.5,14.8,162.3
3591,2022-11-22,25.7,13,18.6,54.4,14.8,161.2
3614,2022-11-23,26.1,11.7,18.5,49.6,18.4,163.8
3560,2022-11-24,26.3,11,18.3,51.3,11.2,161.7
3678,2022-11-25,26.5,10.9,18.3,54.6,11.2,161.4
3525,2022-11-26,27.5,10.5,18.2,56.4,13,159.5
3608,2022-11-27,26.4,11.1,17.6,61.6,7.6,159.5
3581,2022-11-28,25.5,10.7,17.8,61.5,6.9,158.7
3617,2022-11-29,25,10.2,17.5,65.3,5.4,151.2
3751,2022-11-30,25.2,11.6,17.5,65.9,11.2,152.5
3642,2022-12-01,24.7,10.9,17.4,69,13,153.3
3820,2022-12-02,25.8,10.9,17.8,65.4,6.9,152.2
3650,2022-12-03,25.1,11.1,17.7,70,5.4,151.3
3346,2022-12-04,24.4,11.9,17.5,74.1,9.4,150.8
3662,2022-12-05,24.4,10.8,16.7,69.3,10.4,151.9
3766,2022-12-06,23,10.5,16,70.7,15,151.7
3834,2022-12-07,23.7,10.9,16.2,67.3,18.4,150.4
3604,2022-12-08,24,10.9,17.1,62.6,16.6,147.6
3939,2022-12-09,25.6,10.8,17.6,62.2,14.8,145.3
3779,2022-12-10,26.1,10.9,17.6,69.3,11.2,144.6
3809,2022-12-11,26.5,11.2,18,67,11.2,146.3
3794,2022-12-12,25.7,10.8,17.6,61,13,145.4
3829,2022-12-13,25.5,10.5,17.7,55.3,18.4,148
3942,2022-12-14,23.5,11,16.6,57.3,16.6,149.7
3860,2022-12-15,22.6,8.9,15,56.4,13,150.1
4084,2022-12-16,22.6,10,15.1,58.5,11.2,149
3814,2022-12-17,23,8.9,15.2,61.7,11.2,147.1
4057,2022-12-18,23,8.9,15.1,71.7,11.2,146.7
3867,2022-12-19,21.9,8.9,14.7,74.7,7.6,146.7
4070,2022-12-20,22.1,8,13.7,79,10.6,141.7
4256,2022-12-21,19.7,9,13.6,81.3,9.4,148
4242,2022-12-22,19.1,8,12.4,84.2,9.4,149
4560,2022-12-23,19.1,8,12.6,80.5,9.4,147.3
0,2022-12-24,18.6,7,11.8,80.9,13,145.4
0,2022-12-25,15.1,6,10,90.1,16.6,146.9
4691,2022-12-26,13,7,9,95.6,9.4,145.9
4675,2022-12-27,16.3,7,10.3,88.7,14.2,134.6
4868,2022-12-28,21.4,7,13.2,74.1,19.4,146.2
4686,2022-12-29,22.9,9.7,14.9,68.8,11.2,140.9
4841,2022-12-30,21.9,12,15.6,75.2,13,119.5
4455,2022-12-31,18.5,9.8,13.9,84.9,18.4,145.6
4588,2023-01-01,20.1,7.9,13.4,79.8,9.4,143.5
4580,2023-01-02,17,9,12.4,87.9,9.4,149.3
4826,2023-01-03,15.3,7.9,11.2,85.6,9.4,149.9
5040,2023-01-04,15,6.9,9.6,90.1,11.2,153.1
5225,2023-01-05,17,5.8,9.7,83,8.7,154.5
5399,2023-01-06,14.7,6.1,9.1,87.7,11.2,154.8
5091,2023-01-07,14.2,5,8.3,89.2,11.2,153
5137,2023-01-08,16.8,4,9.6,85.3,9.4,151.7
5466,2023-01-09,17.7,6.5,11,91.8,7.6,137.1
5385,2023-01-10,17,7,11.1,88.6,11.8,154.5
5376,2023-01-11,19,6.7,11.9,87.6,18.4,132.7
5080,2023-01-12,20.7,10,14.4,87,14.8,138.8
5050,2023-01-13,21,12,15.1,90.5,13,82.8
4733,2023-01-14,17.7,10,13,82,18.4,157.3
4785,2023-01-15,16.4,5,10.5,59.6,21.1,165.8
4878,2023-01-16,17.6,4.8,10.6,61.2,13,164.2
5001,2023-01-17,18.7,4.9,11.3,55.1,14.8,163.8
5079,2023-01-18,18.4,5.6,11,60.1,11.2,162.8
0,2023-01-19,21.1,7.1,14.3,54.4,7.6,155.7
4863,2023-01-20,22.6,11,16.2,62.1,13,154
4482,2023-01-21,22.4,9.3,15.1,80,7.6,163.5
4541,2023-01-22,23,10,15.6,72.4,9.4,159
4396,2023-01-23,24.8,10,16.6,68.2,11.2,161.9
4380,2023-01-24,20.6,13.8,17.1,81.5,16.6,141.3
4475,2023-01-25,18.6,12.4,15.5,91.8,11.2,147
3943,2023-01-26,16.2,12,14.2,94.1,14.8,166
4646,2023-01-27,19.8,7,12.9,65.8,16.6,179
4358,2023-01-28,22.6,5,13.5,68.6,13,178.8
4433,2023-01-29,17,9.4,13,91.8,14.8,64.7
4570,2023-01-30,18.6,12,14.5,93.5,27.7,90.3
4611,2023-01-31,19.4,12,14.7,92.9,19.7,173.5
4557,2023-02-01,20,10,14.2,82,18.4,181.7
4406,2023-02-02,23.6,9,15.8,68,18.4,183.3
4584,2023-02-03,23.3,9,16.2,68.8,14.8,182.6
4107,2023-02-04,24.7,11.5,17.2,65.8,18.4,182.9
4197,2023-02-05,25,12,17.5,67.1,14.8,187.9
4037,2023-02-06,27.8,11.3,19.7,65.2,9.6,183
4064,2023-02-07,24.8,13,18.4,70,17.3,186.6
4078,2023-02-08,24,11,16.9,60.1,17.3,191.1
3967,2023-02-09,28.2,11,19.3,60.8,11.2,189.3
4021,2023-02-10,28.8,14,21.2,61,9.6,187.7
3836,2023-02-11,26.8,15.6,20.1,74.9,17.3,192.3
3794,2023-02-12,23,12,17.3,49.7,23.8,201
3883,2023-02-13,22.1,9,15.5,41.8,29.7,201.3
4001,2023-02-14,25.2,10.5,17.2,43.2,18.4,198.7
4053,2023-02-15,27,11,18.6,52.7,16.6,200.6
3811,2023-02-16,27.4,12.8,19.8,67.8,7.6,201.1
3998,2023-02-17,28.3,15.3,21.1,72.5,10.1,203.4
3921,2023-02-18,28.8,14.3,21,70.9,11.2,203.8
3600,2023-02-19,29.9,14.4,21.7,69.3,9,203.4
3660,2023-02-20,32,15.7,23.3,63.3,13,192.3
0,2023-02-21,30.5,17,22.8,67.4,13,212.3
3855,2023-02-22,27.2,16,21.3,71.5,10.1,196
3663,2023-02-23,28.5,15,21,60.9,16.6,218.6
3932,2023-02-24,29.3,13.3,20.7,58.3,13.7,191.1
3541,2023-02-25,29.7,14.3,21.7,61.2,9.4,220.6
3512,2023-02-26,31.2,15.4,23.3,56.3,9.4,218.8
3710,2023-02-27,31.5,16.7,23.5,57,11.2,219.1
3684,2023-02-28,30,16,22.8,55.1,18.4,219.3
3707,2023-03-01,29,19,23.3,46.8,14.8,220.9
3694,2023-03-02,30.5,16.7,23.5,56.6,13,223.5
3797,2023-03-03,31,17,23.6,59.3,14.2,223.8
3562,2023-03-04,26,18.6,22.3,57.3,17.4,223.8
3450,2023-03-05,30.2,17.6,23.5,55,15.1,229.9
3610,2023-03-06,29.6,17,23.1,57.2,18.4,235.1
3619,2023-03-07,30.4,17.4,23.5,50.3,14.2,224.6
2444,2023-03-08,29.2,17.2,23.4,51.6,13,211.3
3187,2023-03-09,29.2,18.7,23.9,51,13,234.8
3578,2023-03-10,29.9,17.3,23.7,60.7,14.8,242.1
3387,2023-03-11,31.6,18,24.5,53.1,13,242.4
3363,2023-03-12,33.1,17.3,25.3,46.2,11.2,242.1
3623,2023-03-13,33,18.9,25.7,50.6,13,227.3
3744,2023-03-14,32.7,20,25.8,54.9,14.8,245.9
3725,2023-03-15,33.5,19.5,26.2,49.9,8.8,233.2
3752,2023-03-16,32.4,21.7,26.3,44.6,14.8,211.7
3884,2023-03-17,29,19.7,24.2,49.3,11.2,191.3
3509,2023-03-18,25,18,20.7,80.7,19,214.2
3424,2023-03-19,26,17,20.8,84,15.9,244
3633,2023-03-20,25.7,16,20,81.4,25.9,180.2
3559,2023-03-21,24,16,19.9,81.5,7.6,216.6
3845,2023-03-22,28,16.2,21.2,74.5,14.8,251.3
3631,2023-03-23,29.6,17,23.4,61.3,12.7,254.1
3802,2023-03-24,28,19,22.2,71.5,18.4,217.1
3480,2023-03-25,28.7,17,22.8,70.7,16.6,239.1
3335,2023-03-26,30.1,18.2,24.2,51.4,14.8,251.7
3566,2023-03-27,27.9,18,23,58.9,17.2,265.4
3642,2023-03-28,30.1,17.6,24.1,52.6,18.5,260
3648,2023-03-29,32.5,18.5,24.9,53.3,20.5,236
3518,2023-03-30,31.9,18,23.5,63.6,26.8,251.5
3699,2023-03-31,26.6,17.2,20.7,81.2,10.7,199
3411,2023-04-01,28,17,21,79.7,13,227
3360,2023-04-02,29.2,17.2,23.3,68,18.4,265.3
3588,2023-04-03,31.1,18.8,24.7,59.8,14.8,271.8
3550,2023-04-04,30,18.3,24.5,57.9,18.8,273.3
3666,2023-04-05,32,18,25,47.2,14.8,284.4
3632,2023-04-06,32,18.8,25.8,37.6,14.8,280.5
3766,2023-04-07,32.9,18.2,26.1,34.6,16.6,293.8
3544,2023-04-08,33.1,19,26.4,30.3,14.8,295
3409,2023-04-09,35,18.2,27.3,31.5,14.8,294
3812,2023-04-10,34.1,18.2,27.1,31,14.8,289.3
3908,2023-04-11,36.2,19.2,28.5,31,16.6,288.1
4126,2023-04-12,36,23.5,29.6,32.1,18.4,285.3
4276,2023-04-13,38,21.3,30.4,29.3,14.8,292.9
4305,2023-04-14,38.3,22.6,30.9,26.3,16.6,289.5
4291,2023-04-15,40.1,22.9,32.3,24.7,10.6,297.8
4371,2023-04-16,40,24.9,32.9,26.4,14.8,292.3
5059,2023-04-17,40,23.9,32.3,30,13.2,293.1
5324,2023-04-18,39,24.5,32.9,31.6,14.9,266.9
5232,2023-04-19,37.3,25,31.4,35.1,18.4,259.3
5028,2023-04-20,34.8,25,29.2,40,27.7,259.4
4680,2023-04-21,35.5,23,29.2,35.1,17.3,298.5
4310,2023-04-22,35.5,22.7,29.5,29.1,18.4,304
3934,2023-04-23,31,24,27.1,28.2,18.4,304.9
4082,2023-04-24,33.2,22,26.9,35,16.6,271.5
4174,2023-04-25,34,21.7,27.6,36.3,16.6,292
4445,2023-04-26,35.9,22.6,29.1,35.5,9.4,263.3
4626,2023-04-27,37.8,23,29.9,33.6,14.8,281.2
4395,2023-04-28,34,24,28.3,40.3,19.8,165.8
4048,2023-04-29,32.7,23.8,27.9,43.4,15.2,164.9
3791,2023-04-30,30.2,22.3,26,55.6,14.8,203.8
3607,2023-05-01,24.9,20,21.7,89.7,14.8,66.6
3682,2023-05-02,27.8,21,23.4,82.1,15.5,172.2
3944,2023-05-03,29.8,19.7,22.8,85.4,18.4,239.8
3670,2023-05-04,31,18.6,24.6,71.2,9.4,304.3
3940,2023-05-05,33.1,21.7,27.9,56.9,11.2,304.3
3826,2023-05-06,35,23,28.6,49.4,27.7,286.6
3816,2023-05-07,37,22.9,29.4,46.3,15.3,280.7
4460,2023-05-08,35.6,23.1,29.2,53,20.5,309.1
4518,2023-05-09,37,22.5,30.3,35.8,14.8,324.2
4595,2023-05-10,36.1,24,30.5,24.8,14.8,327.9
4808,2023-05-11,39.4,22.1,31.1,29,12.6,327.2
5145,2023-05-12,41,22.9,32.8,27.9,13,321.3
5197,2023-05-13,40.1,25.1,33.5,31.6,14.8,319.7
5188,2023-05-14,40,28.5,33.6,30.8,14.8,321.2
5661,2023-05-15,41,27,33.9,27.6,21.3,320.8
5691,2023-05-16,39,28,33.4,30.4,22.9,279.2
5867,2023-05-17,40.2,27.3,33.3,33.3,14.8,299
5593,2023-05-18,36,24,29.8,50.9,33.5,295.3
5458,2023-05-19,38,25.1,32.1,39.2,19.6,317.2
5391,2023-05-20,40,25.1,33.5,32.9,14.8,322
5948,2023-05-21,42.2,26.1,35.7,27.5,14.8,322.3
6427,2023-05-22,44,28.9,37.4,24.6,25.2,306.1
6785,2023-05-23,44,31.8,36.9,25,28.4,283.2
6142,2023-05-24,33,26,30,46.3,18.4,260.5
5569,2023-05-25,35.3,22,28.9,52.1,30.6,307.8
4991,2023-05-26,33.3,22.8,28.2,52.6,14.8,311.8
5051,2023-05-27,33.5,20,27.4,65,20.5,253.7
4780,2023-05-28,34,25,30.1,59.1,12.6,308
4782,2023-05-29,34,22.8,27.2,68.5,15.7,217.4
4871,2023-05-30,34.7,22,27.1,68.7,59.4,309.7
4462,2023-05-31,30.5,22,25.2,81.3,26.9,267.7
4298,2023-06-01,31.3,21.8,26,73.3,18.4,317.8
4567,2023-06-02,33.4,22.5,28.5,53.9,11.2,314
4618,2023-06-03,35.5,24.4,30.4,49,12.9,323.5
4805,2023-06-04,33,25,29.4,60.3,13.2,151.5
5493,2023-06-05,37.2,25.9,31.7,52.6,18.4,318
5511,2023-06-06,38,24,31.5,48.1,14.8,320.9
5664,2023-06-07,38,25.9,32.4,39.3,13.7,322.1
5971,2023-06-08,39,26,33.8,35.1,18.4,323.3
6387,2023-06-09,40.1,28.8,33.8,40.9,19.7,320
6285,2023-06-10,41,28.4,34.4,39.5,16.6,313.5
6101,2023-06-11,38,27,32.8,48.5,20.5,316.5
6782,2023-06-12,40,29,34.9,45.1,22.2,316.9
7043,2023-06-13,41.2,31.2,36.5,39.7,32.7,319
7089,2023-06-14,40.1,30,35.4,40.4,26,314.3
6799,2023-06-15,37,29,33.6,44.6,21.8,286.5
6587,2023-06-16,38.1,28,32,56.2,22.9,233
6531,2023-06-17,37.6,28.8,32.5,62,13,272
6308,2023-06-18,35.5,29,31.5,66.2,15.7,198
6255,2023-06-19,33.2,26,28.6,81,16.6,133.7
6304,2023-06-20,36.9,27,31.6,67.8,14.8,220.8
6382,2023-06-21,36.3,26,31,71.7,14.8,307.6
6880,2023-06-22,36.5,29,32.4,68.1,14.2,263.4
6933,2023-06-23,36.8,27,32.8,69.8,14.8,276.8
6829,2023-06-24,36.4,30,32.2,69.2,14.8,268.2
6283,2023-06-25,30,24.8,26.4,93.6,20.7,181
5460,2023-06-26,31.4,26,28.8,86.1,13,275.6
5755,2023-06-27,33.4,26,29.5,86.9,14.8,269.8
5980,2023-06-28,34.9,27,29.6,85,18.4,227.5
5651,2023-06-29,32.9,24.7,28.8,87.6,15.3,183.8
5770,2023-06-30,32,25,28.2,90.7,14.8,152.3
5634,2023-07-01,33.7,26.1,29.5,83.4,11.2,298
6170,2023-07-02,35.3,27,30.8,75.7,9.4,305.1
6953,2023-07-03,37.5,29,32.8,69.9,10.6,237
6696,2023-07-04,35,26,31.2,78.9,26.3,233.9
6540,2023-07-05,33.8,26,29.9,86,27.7,236
5989,2023-07-06,29.9,26,28.3,91.9,14.8,242
6099,2023-07-07,33.3,27,29.7,84.6,16.6,203.8
5790,2023-07-08,29,26,27.2,97.1,14.8,136.8
4838,2023-07-09,30,25.9,26.9,98.1,11.2,123.3
5322,2023-07-10,31,25.9,27.4,96.7,13,144.5
5260,2023-07-11,32,26,28.4,89.8,9.4,260.5
5607,2023-07-12,32,27,29.3,88.1,11.2,152.8
6055,2023-07-13,32.7,27,29.7,88.1,16.6,256.5
5862,2023-07-14,32.6,27,29.5,88.9,14.8,215.4
5714,2023-07-15,33.8,26,29.5,87,13,176.3
0,2023-07-16,33.1,26.7,29,89.1,13,265.7
6165,2023-07-17,33,28,30.5,86.2,11.2,219.4
5879,2023-07-18,32,28,29.4,92.2,13,230.6
6466,2023-07-19,35,28,30.9,82.6,14.8,257.5
7018,2023-07-20,36.8,29,32.8,70.8,9.4,294.4
7344,2023-07-21,37.1,30,33.2,71.7,14.8,292
6924,2023-07-22,35.3,29,32.1,77.2,18.4,274.4
0,2023-07-23,35.3,29,32.1,72.4,20.5,248
7101,2023-07-24,37,29,32.5,70.6,18.4,232.8
7220,2023-07-25,34.9,29,31.3,80.9,14.8,243.1
6671,2023-07-26,30.4,25,27.7,92.1,14.8,116.2
6180,2023-07-27,34,27,29.6,84.6,11.2,219
6073,2023-07-28,33,25,28.7,87.6,14.8,216.4
5263,2023-07-29,31,25.9,27.9,92.3,11.2,184.8
5978,2023-07-30,33.9,26,29.7,82.9,13,286.2
6527,2023-07-31,34.3,28,31.1,78.3,14.8,197.3
6736,2023-08-01,35.4,28,31.4,74.7,16.6,293.3
7005,2023-08-02,34.9,28,30.7,78.9,18.4,251
6835,2023-08-03,35,27.2,30.6,81.3,18.4,251.4
6405,2023-08-04,33.1,27,29.3,86.7,16.6,160.9
6125,2023-08-05,33,26,29.5,88.3,14.8,228.6
6169,2023-08-06,34.5,29,31.4,73.4,22.3,150.3
6269,2023-08-07,33.2,28,30.3,70.7,17.8,255.8
6309,2023-08-08,36.3,27,31,67.9,19.8,251
6277,2023-08-09,34.4,28.1,31.4,66.1,22.1,240.2
6548,2023-08-10,34.3,28,30.8,71,16.6,176.5
6588,2023-08-11,34.8,28,31.3,66.4,15.2,167.2
6374,2023-08-12,35,28,31.6,61.4,18.4,250.1
6069,2023-08-13,34.2,28,30.9,65.7,16.4,185.2
6139,2023-08-14,34.2,28,30.7,70,13,156.9
6023,2023-08-15,33.2,27,30.1,80.5,13,248.8
6780,2023-08-16,35.1,28.2,31.9,72.2,16.6,261
6912,2023-08-17,35.9,29,32.2,63.8,15.2,240.9
7114,2023-08-18,36.2,29,32.6,64,16.6,282
6902,2023-08-19,34,25,30.6,82.1,13,248.9
6745,2023-08-20,35.6,29,31.9,75.2,14.8,238.3
7186,2023-08-21,36.9,29,32.6,74,10.1,187.8
7315,2023-08-22,35.3,28,31.1,80.9,18.4,156.7
6331,2023-08-23,28.9,27,27.6,92.4,14.8,14.9
5875,2023-08-24,32.1,26,29.1,75.8,14.8,214.7
6185,2023-08-25,34.4,26.7,30.4,68.1,14.8,275
5926,2023-08-26,34.5,27,30.8,63.6,17.8,172.1
5855,2023-08-27,35,27,30.9,58.5,17.8,264.5
6426,2023-08-28,34.9,27,30.7,62.5,24,174.8
6427,2023-08-29,35,27,31.5,61.5,17.3,275.8
0,2023-08-30,35.6,28,31.6,62.8,16.6,273.7
6523,2023-08-31,35.7,27.4,31.9,61.7,15.2,271.8
6681,2023-09-01,36.2,28,32.4,60.6,18.4,268.3
6575,2023-09-02,38.3,28.7,33.3,46.1,19.4,270.6
6533,2023-09-03,36,28,31.9,54.4,16.6,269.8
6642,2023-09-04,36.1,27.4,31.6,58.2,16.6,268.6
6953,2023-09-05,36.9,27,32,61,12.2,256.3
6716,2023-09-06,36.2,27,31.6,59.1,9.4,185.8
6371,2023-09-07,36.9,28,30.8,65.3,14.8,254.3
5963,2023-09-08,35.6,26,30.4,66.4,18.4,213.8
5920,2023-09-09,31,25,27.2,87.2,23,51.1
4526,2023-09-10,28.1,24,25.6,96.6,14.8,33.1
5233,2023-09-11,32,25,27.7,85.8,11.2,171.3
5654,2023-09-12,33.1,25.9,29.1,79.4,9.4,248.9
6206,2023-09-13,34.6,27,30.8,76.3,11.2,220.7
6729,2023-09-14,36.4,28,31.9,73.7,11.2,219.4
6404,2023-09-15,32.6,24.7,29.4,82.1,18.4,221
5943,2023-09-16,33.2,25,28.1,91,18.4,234.8
5162,2023-09-17,32,25.5,28.3,87.8,18.4,218.2
5495,2023-09-18,32.8,25,28.8,77.3,18.4,221.6
6009,2023-09-19,34.7,27,30.6,71.2,13,220
6320,2023-09-20,35.6,27,31.8,62.2,7.9,178.5
6543,2023-09-21,36.3,28,31,71,14.8,166.7
6475,2023-09-22,35.4,27,30.9,71.7,9.4,238.8
6338,2023-09-23,33,24.6,28.4,84.4,31.7,223.5
5383,2023-09-24,33.5,25,28.4,77.9,63.4,227.4
5645,2023-09-25,34.5,25,29.4,72.3,9.4,217.2
5736,2023-09-26,34.7,26,30.1,68.9,11.2,234.7
5640,2023-09-27,33.8,26,29.6,65.1,13,237.3
5313,2023-09-28,34,23.6,28.7,62.1,14.5,244.3
5413,2023-09-29,33.4,23.6,28.9,62.3,11.2,237.1
5163,2023-09-30,35.1,24.7,29.5,61.9,14.8,236.5
5068,2023-10-01,34.8,24,28.9,59.8,14.8,235.5
4600,2023-10-02,34.1,22,27.7,52.7,14.8,240.2
4755,2023-10-03,33.9,20.5,27.2,48.9,16.6,238
4869,2023-10-04,34,20.9,27.7,54.2,16.6,235.5
4843,2023-10-05,34.4,21,27.6,53.7,14.8,233
4925,2023-10-06,35,20.9,28,52.3,13,230.3
4861,2023-10-07,34.7,22.9,29,58,14.8,223.2
5277,2023-10-08,35.9,25.5,30.2,60.1,14.8,219.2
5500,2023-10-09,35.7,26,30.4,58.8,14.8,216.8
5487,2023-10-10,35,24.8,29.8,52.7,13,215.9
5040,2023-10-11,34.5,22.5,27.9,55.8,16.6,221.2
4863,2023-10-12,33.8,19.9,27,53.5,11.2,222.4
4958,2023-10-13,35.2,22,28.1,55.4,14.8,217.8
4715,2023-10-14,35.7,22.8,28.8,55.1,13,211.9
4523,2023-10-15,33.4,23.1,27.6,58.1,16.6,204.5
4511,2023-10-16,28.8,21.3,25.4,59.5,37.1,141.3
4022,2023-10-17,25.3,18.9,21.9,77.2,14.8,203.7
4095,2023-10-18,31,18.7,24.3,60.3,14.8,206
4078,2023-10-19,29.2,17.6,23.7,58.8,11.2,207.7
4067,2023-10-20,30.8,18.4,24,59.2,11.2,205.4
3812,2023-10-21,30.5,17.8,23.8,59.7,7.6,204.4
3570,2023-10-22,30.6,18.1,24.2,59.8,11.2,192.9
3979,2023-10-23,30.3,18.9,24.6,58.3,11.4,198.5
3480,2023-10-24,30.6,18.6,24.5,56.3,11.2,198.4
4006,2023-10-25,30,18,24.1,57.9,13,198.2
4028,2023-10-26,31,18.1,24.2,54.5,10.6,198.8
4038,2023-10-27,30.8,17.1,23.7,52.1,11.2,199.5
3817,2023-10-28,31.5,17.2,24.1,52.2,7.6,160.9
3656,2023-10-29,32.3,18,24.6,52.2,9.4,188.3
4048,2023-10-30,32.3,18.7,25.1,58.3,9.4,186.8
4124,2023-10-31,31.6,19.6,24.9,67.1,9.4,185.6
4186,2023-11-01,31,18,24.2,64.4,7.6,184
4153,2023-11-02,29.6,18.5,23.5,71.8,7.6,183.7
4140,2023-11-03,29.2,18.6,22.8,72.2,7.6,180.5
3903,2023-11-04,28.5,18.4,22.7,75.8,7.6,179.4
3819,2023-11-05,31,18,23.3,70.7,9.4,182.9
4026,2023-11-06,30.3,16,22.6,64.8,7.6,182.5
4002,2023-11-07,30.9,16.7,23.3,63.5,7.6,176.3
4047,2023-11-08,30,17.4,23.5,66,7.6,172
4031,2023-11-09,31.7,17.6,23.8,62.7,11.2,172
4097,2023-11-10,22,18,20.3,84.4,13,136
3572,2023-11-11,25.5,15.7,19.8,76,13,169.6
3025,2023-11-12,26.1,14,19.8,72.6,13,170.8
2872,2023-11-13,26.7,14.3,19.6,74.3,7.6,165.6
3205,2023-11-14,25.4,14.4,19.9,66.1,7.6,135
3554,2023-11-15,26.4,13.2,19.1,70.1,9.4,169.9
3536,2023-11-16,26.3,13.7,19.1,76.1,9.4,166.9
3808,2023-11-17,27.4,14,20.1,73.1,5.4,164.1
3558,2023-11-18,27.2,15,20.6,68.8,9.4,160.4
3465,2023-11-19,26,14.4,19.9,68,11.2,161.8
3504,2023-11-20,25.8,14,19.5,70.4,9.4,161.3
3548,2023-11-21,25.5,13.6,18.8,70.8,13.7,162
3724,2023-11-22,25,13,17.8,67.7,11.2,162
3656,2023-11-23,26,11.5,18.6,65.7,9.4,161.6
3911,2023-11-24,26.1,12,18.3,70,7.6,156.5
3698,2023-11-25,25,12.6,18.1,69.7,8.2,149.8
3825,2023-11-26,25.6,13.2,19.4,67.1,11.2,105.6
3859,2023-11-27,23.2,15.5,18.5,75,18.4,90.6
3749,2023-11-28,20,15.6,17.7,86.9,9.4,97.3
3829,2023-11-29,24.7,14.1,18.5,81,9.4,115.7
3784,2023-11-30,24.3,15,19.1,82.5,13,116.1
3978,2023-12-01,24.5,14.8,19.6,80.7,7.6,141
3658,2023-12-02,23.7,14,17.9,83.5,8,146.9
3793,2023-12-03,25.1,12.4,18.4,75.1,9.4,146.2
3769,2023-12-04,24.2,16,19.7,67.4,11.2,109.9
3824,2023-12-05,24.1,13.6,17.9,69.4,13,147.6
3837,2023-12-06,24.6,11.2,16.9,72.6,7.6,148.2
3816,2023-12-07,23.6,11.6,16.7,75.4,7.8,145.3
4032,2023-12-08,25,11.7,17.4,69.7,11.2,147.4
3826,2023-12-09,24.4,10.8,16.9,69.4,13,147.9
3885,2023-12-10,22.5,10,15.6,68.6,18.4,148
3890,2023-12-11,23.3,9.1,15.5,65,9.4,149.3
3950,2023-12-12,23.7,9,15.9,72.2,9.4,145.2
4061,2023-12-13,23.7,9.4,16.3,69.6,9.4,147.3
3740,2023-12-14,23,8.5,15.4,65.4,16.6,140
3992,2023-12-15,23.8,7.9,15.4,63.2,10.1,145.8
4003,2023-12-16,23.5,7.8,16.3,50.6,9.4,140.7
4097,2023-12-17,23.6,8.1,15.8,64.3,11.2,144.8
4096,2023-12-18,21.5,8.7,14.6,71.5,18.4,146.5
4154,2023-12-19,22.1,8,14.5,64.9,18.4,148.4
4338,2023-12-20,21,8.4,14.2,68.6,13,143.3
4287,2023-12-21,22,8,14.3,75.2,11.2,139
4570,2023-12-22,21.9,8,14.3,76.1,13,146
4253,2023-12-23,23,11.8,16.3,72.6,11.2,139.8
4253,2023-12-24,23.7,10,16,77.6,9.4,137.7
4358,2023-12-25,22,11,14.8,81.7,11.2,143.5
4382,2023-12-26,23,8,14.1,83.8,9.4,130.8
4500,2023-12-27,19.5,10.3,13,91.9,9.4,145
4515,2023-12-28,19.5,9.3,12.8,91.1,9.4,146.8
4813,2023-12-29,18.6,12,13.8,93.9,9.4,144
4441,2023-12-30,19.4,12.8,14.6,90,9.4,113.7
4600,2023-12-31,16,11.5,13.3,87,9.4,146.9
5062,2024-01-01,16.1,10.3,12.1,81.7,11.2,150.5
4881,2024-01-02,16.3,9,11.2,82.2,11.2,152.6
5250,2024-01-03,15.1,8.8,10.8,87.8,11.2,149.7
5159,2024-01-04,11.5,8,10.1,92.7,13,148.5
5413,2024-01-05,14,10,12,92.9,11.2,149.7
5100,2024-01-06,15,8.8,12.1,84.9,11.2,150.8
5087,2024-01-07,17.3,8.4,11.6,81.2,7.6,152.9
5256,2024-01-08,15,7.5,10.9,88.1,7.6,151.5
5372,2024-01-09,13,9.5,10.9,90.8,13,149.6
5526,2024-01-10,13.4,8,9.7,87.4,14.8,155
5370,2024-01-11,16.7,7,10.6,83.4,11.2,157.7
5665,2024-01-12,17.6,5.5,10.2,83.5,9.4,155.2
5316,2024-01-13,17,5.6,10.9,86.7,7.6,128.7
5442,2024-01-14,17.3,6.2,10.8,85.6,9.4,163
5454,2024-01-15,17.6,5,10.4,80.7,9.4,163.8
5376,2024-01-16,18,5.5,10.2,88.4,14.8,163
5523,2024-01-17,18,6,10.8,82.6,10.1,163.2
5414,2024-01-18,18,7,10.6,86.7,9.4,159.7
5769,2024-01-19,15,7,10,89.6,11.2,161.7
5282,2024-01-20,17,7.5,11.5,82.3,8.2,163.1
5430,2024-01-21,14.1,6,9.3,90.1,14.2,167.2
5746,2024-01-22,17,7,10.5,82.7,9.4,160.5
5391,2024-01-23,17.6,8,11.9,84.9,11.2,168
5640,2024-01-24,16,8.6,11.5,85.8,11.2,166.8
5520,2024-01-25,18.4,7,10.9,87.1,9.4,133.9
4847,2024-01-26,21,6.5,12.4,76.3,9.4,170.5
4968,2024-01-27,23.3,6.5,14,68.3,15.2,170.3
5020,2024-01-28,19,8.3,13.3,78,14.8,107.1
5122,2024-01-29,22,9,14.1,84.1,11.2,169.6
5176,2024-01-30,19.5,10,12.7,92.2,9.4,171.9
5296,2024-01-31,16,9.2,12.8,96.2,14.8,89.4
4993,2024-02-01,18,13.2,15.2,94.1,22.3,98.3
5338,2024-02-02,17,9.5,12.9,94.1,14.8,180.4
4893,2024-02-03,21.7,7,13.9,74.5,9.4,142.9
4861,2024-02-04,20,13,16.1,87.1,13,107.1
4803,2024-02-05,20,12.3,16.1,83.7,13,131.3
4793,2024-02-06,19.5,9,13.5,72.9,14.8,188.7
4764,2024-02-07,20.1,9.5,13.5,67.7,18.4,182.7
4701,2024-02-08,21,8,14.3,66.3,22.3,178.6
4840,2024-02-09,22.7,9,15,57.8,11.9,198.8
4573,2024-02-10,22.5,7.8,14.9,69.6,9.4,199.4
4521,2024-02-11,23.2,9,15.2,73.7,9.4,199.6
4497,2024-02-12,22.2,9.6,15.6,79.1,11.2,169.9
4465,2024-02-13,22,10.5,15.9,80.5,11.9,151.2
4673,2024-02-14,23.1,11,16.7,76.4,13,200.5
4267,2024-02-15,24.7,10.8,17,71,14.8,203.8
4498,2024-02-16,25.7,9.6,17.3,63.4,13,208.5
4130,2024-02-17,25.5,9.7,17.2,62,14.8,210.2
4113,2024-02-18,28.6,10.7,19.2,59.7,13,169.6
4081,2024-02-19,27.3,15.7,21,56.8,24.1,200.7
4049,2024-02-20,27,16,21,72.4,14.8,200.9
4144,2024-02-21,26,14,19.4,66.5,15.6,213.4
4019,2024-02-22,25.4,13.8,19.1,50.1,14.8,207.3
4168,2024-02-23,23.5,10,16.9,51.3,14.8,219.6
3952,2024-02-24,24.1,10.9,17.4,50.2,7.6,200.5
4067,2024-02-25,25.3,10.9,18.3,44.8,16.6,202.8
3943,2024-02-26,24.6,12.6,18.8,42.8,9.4,160.5
4059,2024-02-27,24,14.2,18.8,51.5,14.8,152.5
4089,2024-02-28,24.6,12,18,63.5,18.4,222.4
4014,2024-02-29,26,12,19.1,59.5,16,225.3
4114,2024-03-01,29,13.8,21.6,56.6,20.5,170.6
3699,2024-03-02,24.4,18,21.2,70.5,28.1,148.5
3838,2024-03-03,24.8,15.7,19.4,62.3,16.6,136.6
3918,2024-03-04,23.7,11.8,17.9,46.8,11.2,234.8
4028,2024-03-05,22.6,11,16.7,49.7,18.4,231.6
4191,2024-03-06,22.2,10,16.4,51.5,14.6,203
4022,2024-03-07,25.3,11.5,18.7,51.2,16.6,235.8
4419,2024-03-08,26.8,12.6,19.9,50.7,16.6,241.5
3744,2024-03-09,26,12,19,53.4,18.4,242.2
3755,2024-03-10,27.5,12,19.8,52.3,13,202.1
3908,2024-03-11,30.2,16,23.2,47.4,13,241.8
3811,2024-03-12,29.6,16.3,22.9,50.4,13,237.8
3854,2024-03-13,30.2,15.1,22.3,54.9,18.4,215.5
3752,2024-03-14,29.3,16.2,23,53,14.8,247.6
3956,2024-03-15,28,14,21.4,45.6,20.5,257.5
3619,2024-03-16,29,14.6,21.6,45.9,13.9,242.7
3582,2024-03-17,29.7,14.3,21.9,49,13,228.2
3754,2024-03-18,29.6,14,21.8,50.6,13,263
3762,2024-03-19,30.2,14.6,23,49.2,15.7,261.8
3860,2024-03-20,33,16.1,24.3,49.4,13,262.7
3692,2024-03-21,28.7,17.9,23.1,62.3,18.4,236.5
4090,2024-03-22,33,19,25.3,58.9,16.6,257.9
3750,2024-03-23,33,18.9,26.5,51.1,18.4,262.9
3405,2024-03-24,29,19,24.6,54.6,18.4,186.4
2682,2024-03-25,32.5,17.4,24.9,58.7,18.4,266.6
3453,2024-03-26,34,19,26.4,50.7,16.6,208
3892,2024-03-27,36,22,29,44.3,14.8,260.8
4020,2024-03-28,36,23,29.7,40.9,14.8,234.4
4177,2024-03-29,36,21,28.8,51.4,16.6,235.4
4040,2024-03-30,34,24,29.5,46.1,14.8,264.5
3829,2024-03-31,35,23,28.8,44.4,22.3,274.6
3976,2024-04-01,31,19,25.3,49.2,16.6,219.4
3922,2024-04-02,33,18.3,26.2,36,18.4,271.3
4089,2024-04-03,36,19.4,28.2,34.2,11.2,251.2
4293,2024-04-04,36.1,22.1,29.7,31.3,14.8,267.4
4413,2024-04-05,36,22.5,29.8,30.8,17,223.3
4070,2024-04-06,34.5,21,28.6,29.2,16.6,287.1
3757,2024-04-07,36,19,28,28.3,18.4,295.8
4317,2024-04-08,36.1,19.9,28.9,28.9,17.3,291.1
4307,2024-04-09,37,20.2,29.5,26.2,14.8,253.8
4345,2024-04-10,37.3,19.4,29.6,28.5,12.7,294.1
4188,2024-04-11,38,21.9,30,31.3,16.6,283.9
4683,2024-04-12,38.4,23,30.9,31.3,9.4,277.2
4343,2024-04-13,38.4,24.9,29.3,40.1,24.1,258.1
3737,2024-04-14,31.3,24,26.4,57.8,16.6,197.2
4386,2024-04-15,34,23.1,28.6,53.8,9.4,195.1
4532,2024-04-16,35,25,29.9,38.9,20.5,274.3
0,2024-04-17,35,22,29.1,28.5,20.5,298.1
4780,2024-04-18,38,23,31,25.9,20.5,270.7
5036,2024-04-19,38,26.7,32.5,32,14.8,276.4
4640,2024-04-20,36.3,24.9,30.9,36.2,18.4,296
4552,2024-04-21,36,25,31,33.7,20.5,273.2
4884,2024-04-22,36.5,25,31,31.8,18.4,214.8
5002,2024-04-23,36.5,22.9,29.2,40.5,27.6,288.8
4857,2024-04-24,37,20.6,29.6,41.4,18.4,302.2
5074,2024-04-25,39,22,31.4,31.1,20.1,304.5
5333,2024-04-26,40,23.4,31.8,33.9,16.6,303.1
4963,2024-04-27,38,24.8,31.5,37.7,18.4,302.2
4984,2024-04-28,37.2,24.8,31.2,31.6,11.2,269.5
5301,2024-04-29,37.9,24.1,30.9,36,16.6,298.3
5016,2024-04-30,36,23,29.7,30.2,18.4,317
4724,2024-05-01,33,22,28.2,20.8,18.4,319
4800,2024-05-02,35.2,20.4,28.7,25.1,20.5,312.5
5020,2024-05-03,38,20.3,30.3,24.7,18.4,299.6
5096,2024-05-04,40,24.8,32.7,23.9,14.8,280.9
5366,2024-05-05,41,24.8,33.8,24.4,14.8,311.6
6026,2024-05-06,40.1,26,34.1,27.8,20.5,309.7
6427,2024-05-07,41.4,25.6,34.2,33.1,16.6,312.2
6310,2024-05-08,36.5,28,32.2,50.2,20.5,307.2
6210,2024-05-09,37.1,26,31.7,48.3,20.5,306.2
6414,2024-05-10,38.1,28,32.6,49,27.7,305.4
5697,2024-05-11,38,26,31.8,41.4,27.7,297.7
6078,2024-05-12,39,27,33,41.2,13,287.7
6253,2024-05-13,40,28,34,34.5,16.6,313.4
6176,2024-05-14,40.2,25.2,33.8,29.9,20.5,320.7
6387,2024-05-15,41,24.9,34.2,25,16.6,323.3
6756,2024-05-16,42,27,35,29.6,13,321.6
6944,2024-05-17,44,27.1,36.9,26,16.6,322.3
7024,2024-05-18,44,28.2,37.1,25.9,18.4,318.2
7033,2024-05-19,45,29.3,38.1,23.2,18.4,316.6
7481,2024-05-20,44,30.1,37.9,23.2,18.4,316.7
7703,2024-05-21,42,31,35.8,40.2,18.4,314.9
7916,2024-05-22,41.7,31.2,36,44,18.4,316
7648,2024-05-23,40,30.9,35.2,45,22.3,314.3
7774,2024-05-24,40.7,31,35.4,43.7,22.3,311.8
7558,2024-05-25,43,31,37.3,35.8,18.4,314.6
7597,2024-05-26,44.5,28.1,37.9,26.9,16.6,323.5
7897,2024-05-27,45,30.3,38.6,24.9,16.6,325.7
7799,2024-05-28,46,28.8,38.6,23.7,16.6,328.2
8188,2024-05-29,47.9,30.5,38,26.6,21.5,325.3
8017,2024-05-30,46,32.1,39.1,22.9,19.2,320.7
7925,2024-05-31,46,29.9,38.6,24.8,18.4,325
7915,2024-06-01,43.6,31.7,36.5,27.3,18.4,319.5
7233,2024-06-02,42.1,30.8,36.7,29.1,16.6,304.5
7805,2024-06-03,44,30.8,37.2,29.1,15.3,314
7772,2024-06-04,44,31,37,32.4,18.4,291.8
7892,2024-06-05,44,29.8,37.8,28.2,27.7,306.8
7395,2024-06-06,40.7,26.7,33.8,39.4,28,311.8
7349,2024-06-07,42,28.8,35.6,29.9,18.4,312.8
7340,2024-06-08,41,30.4,35.8,29.4,18.4,317.3
6992,2024-06-09,42,28.4,36,25.3,18.4,325.4
7400,2024-06-10,43.2,30.9,37.3,23.4,18.4,324.3
7556,2024-06-11,44,29.5,37.2,23.9,16.6,327
7677,2024-06-12,44.1,30.4,37.6,24,16.6,328.7
7897,2024-06-13,45,31.3,38.8,23.3,18.4,318.4
8088,2024-06-14,44,33,37.8,28.6,24,274.8
7680,2024-06-15,45,32,38.3,27.8,27.7,319.3
7786,2024-06-16,45,33,39.1,27.6,24.8,318.4
8155,2024-06-17,45,34,39.5,28.7,23.5,318
8568,2024-06-18,44,34.8,39.5,31.1,25.2,303
8548,2024-06-19,43,32.4,38.9,33.1,27.6,283
7710,2024-06-20,38.7,29.7,33.7,45.9,18.4,312.8
7642,2024-06-21,38,27,31.9,60.4,14.8,307.1
6900,2024-06-22,38.6,29,33.2,55.7,16.6,292.5
7262,2024-06-23,39.1,30,33.5,59.2,18.4,197.2
7472,2024-06-24,38.3,30,33.2,65.3,18.4,280.4
7592,2024-06-25,38.9,29.1,33.8,63.3,11.2,278.1
7695,2024-06-26,36.2,30,33,66,18.4,222.9
7145,2024-06-27,35.4,27,31.1,76.4,22.3,75.5
6694,2024-06-28,32.3,25,28.9,86.7,18.4,89
6125,2024-06-29,34.7,28.4,30.3,84.1,14,148.7
6777,2024-06-30,36.6,28.6,32.6,76.1,14.8,266
7196,2024-07-01,35.2,29,32.1,72.6,11.2,250.6
7250,2024-07-02,36,30.8,33,70,14.8,259.2
6835,2024-07-03,34,25.5,29.5,87.2,14.8,129.1
6055,2024-07-04,31.3,26,28.6,90.2,11.2,248.8
6246,2024-07-05,32.4,28,29.6,87.4,18.4,200.2
5947,2024-07-06,33.8,28,29.7,85.4,14.8,198
5579,2024-07-07,34.5,26.9,29.8,76.4,18.4,156.8
5735,2024-07-08,31.1,26,28.3,83.2,18.4,208.5
5968,2024-07-09,32,27.9,29.6,87,18.4,190.3
6313,2024-07-10,36,28,30.8,85,14.8,203.8
7448,2024-07-11,39.2,28.3,33.5,72.2,11.2,293.9
7079,2024-07-12,33.8,29,31.4,64.7,16.6,193.2
6470,2024-07-13,35,27,30.3,77.9,11.3,284.9
6780,2024-07-14,35.6,28.9,32.3,73.1,13,300
6900,2024-07-15,34,25,31.3,79.3,14.8,296
7375,2024-07-16,37.4,30,33.2,73.5,18.4,241.6
7267,2024-07-17,36,30.9,32.7,77.1,14.7,298.9
7031,2024-07-18,35.6,26,31,83.6,18.4,244.7
7316,2024-07-19,35,28.2,31.5,82.9,14.8,228.8
7194,2024-07-20,36.9,28,32.4,75.1,11.2,193.9
7123,2024-07-21,36,29.4,32.6,77,20.5,129.4
6922,2024-07-22,35.3,27.6,30.9,84.8,16.6,215.8
7095,2024-07-23,34.7,28.8,31.4,84.5,11.2,262.3
6920,2024-07-24,33,26,30,87.5,14.8,254
7036,2024-07-25,35.6,27.5,31.2,83.8,9.4,273.5
6949,2024-07-26,33,27.1,30.9,85.7,11.2,260.9
6853,2024-07-27,35,29,31.3,85.7,16.6,220.7
7123,2024-07-28,37,28.8,33,74.6,14.8,267.6
7730,2024-07-29,37.5,30,33.6,70.6,16.6,285.4
7862,2024-07-30,39,31,34.4,68.8,13,267.4
8097,2024-07-31,37,25.5,31.9,78.7,18.4,153.4
6475,2024-08-01,32.5,25,28.8,85.6,11.2,143.3
6405,2024-08-02,32.5,27.5,29.7,86.3,13,209.7
6292,2024-08-03,34.2,28,30.3,81.5,16.6,264.4
6274,2024-08-04,34.5,27.4,30.5,77.8,18.4,240.4
6461,2024-08-05,32.2,28,30,80.1,20.5,216.1
6577,2024-08-06,33.7,27,30,80.1,13,201.2
6232,2024-08-07,30.8,26.9,28.1,92.6,11.2,136.4
6171,2024-08-08,32.9,26,28.5,89.8,18.4,239
6465,2024-08-09,33.9,27,29,89.1,13,218.3
5793,2024-08-10,31.5,27,28.9,90,13,248.8
5646,2024-08-11,29.3,25,27.3,94.3,14.8,186.7
5445,2024-08-12,29,26,27.5,95.2,13,241.8
5879,2024-08-13,32,26,28.7,91.2,14.8,227.9
6263,2024-08-14,34.8,27.9,30.6,83.8,14.8,215.7
5897,2024-08-15,33,27,29.9,90.2,18.4,226.5
6517,2024-08-16,34.3,27,30,86.1,16.6,208.8
6179,2024-08-17,34,28,30.2,83.8,11.2,183.8
6338,2024-08-18,33.6,28,30.7,81.2,16.6,166.9
6262,2024-08-19,34.5,28,30.9,79.2,14.8,170.1
5895,2024-08-20,32.2,25.4,28.6,86.5,18.4,172.7
6437,2024-08-21,35.5,27,30.4,77.2,13,237
6793,2024-08-22,35.8,28,31,76.2,13,227.5
6233,2024-08-23,31,27,28.3,87,11.2,255.3
6086,2024-08-24,34.6,26.9,30.3,82.2,11.2,229.6
6058,2024-08-25,33.8,26,30.4,79,15.8,232
5975,2024-08-26,34.3,28,29.9,82,37.1,237.7
6047,2024-08-27,32.4,25,28.5,86.1,18.4,219.6
6068,2024-08-28,33.2,25,28,88.5,16.6,218.8
5565,2024-08-29,29,25,27,95.6,16.6,115.1
6158,2024-08-30,34,25.8,29.4,82.8,18.4,217.7
6246,2024-08-31,35,27,30.8,80.1,14.8,265.8
6538,2024-09-01,35,28,31.7,76.9,11.2,246.2
6297,2024-09-02,32.2,27,29.3,86.6,13,192.8
6607,2024-09-03,35.1,28,30.9,79.1,18.4,248.1
5783,2024-09-04,31.9,24.8,27,90.6,14.8,127.6
5671,2024-09-05,32.2,24,28.3,85.4,7.6,185.6
5735,2024-09-06,32,25.8,28.1,87.4,15.7,219
5429,2024-09-07,32.9,26,27.4,88.7,20.5,132.7
5155,2024-09-08,29,26,27.2,95.2,13,53.1
5722,2024-09-09,33.8,26,28.8,89.9,16.6,221.5
6093,2024-09-10,34.3,25,28.1,88.1,18.4,173.3
5683,2024-09-11,32,26,28.4,87,9.4,234
5315,2024-09-12,29,24,26.1,95.4,18.4,18
4848,2024-09-13,27,23,24,98.5,22.3,46.7
4683,2024-09-14,31,23,26.5,87.5,16.6,246.5
4630,2024-09-15,32,25,28,81.8,20.5,246
5000,2024-09-16,32,26,28.8,77.8,20.5,248.4
5490,2024-09-17,33,26,29,78.1,13,199.1
5170,2024-09-18,29,23,25.8,89.7,20.5,78.4